{
  "/public/login-261" : {
    "transaction" : "/public/login-261",
    "sampleCount" : 100,
    "errorCount" : 0,
    "errorPct" : 0.0,
    "meanResTime" : 7.149999999999997,
    "minResTime" : 0.0,
    "maxResTime" : 86.0,
    "pct1ResTime" : 18.0,
    "pct2ResTime" : 24.94999999999999,
    "pct3ResTime" : 86.0,
    "throughput" : 116.68611435239207,
    "receivedKBytesPerSec" : 363.73249708284715,
    "sentKBytesPerSec" : 47.631636522753794
  },
  "/system/username-258" : {
    "transaction" : "/system/username-258",
    "sampleCount" : 100,
    "errorCount" : 0,
    "errorPct" : 0.0,
    "meanResTime" : 8.449999999999996,
    "minResTime" : 0.0,
    "maxResTime" : 86.0,
    "pct1ResTime" : 13.900000000000006,
    "pct2ResTime" : 85.0,
    "pct3ResTime" : 86.0,
    "throughput" : 116.41443538998836,
    "receivedKBytesPerSec" : 33.53736175785797,
    "sentKBytesPerSec" : 41.495379802095464
  },
  "/system/authentication-302" : {
    "transaction" : "/system/authentication-302",
    "sampleCount" : 100,
    "errorCount" : 0,
    "errorPct" : 0.0,
    "meanResTime" : 3.2900000000000005,
    "minResTime" : 0.0,
    "maxResTime" : 60.0,
    "pct1ResTime" : 6.900000000000006,
    "pct2ResTime" : 13.899999999999977,
    "pct3ResTime" : 59.599999999999795,
    "throughput" : 66.75567423230974,
    "receivedKBytesPerSec" : 20.013664052069426,
    "sentKBytesPerSec" : 29.010034212283045
  },
  "/logout-306-1" : {
    "transaction" : "/logout-306-1",
    "sampleCount" : 100,
    "errorCount" : 0,
    "errorPct" : 0.0,
    "meanResTime" : 0.9500000000000003,
    "minResTime" : 0.0,
    "maxResTime" : 2.0,
    "pct1ResTime" : 2.0,
    "pct2ResTime" : 2.0,
    "pct3ResTime" : 2.0,
    "throughput" : 55.5864369093941,
    "receivedKBytesPerSec" : 173.27334630350194,
    "sentKBytesPerSec" : 27.087531267370764
  },
  "/public/login-276" : {
    "transaction" : "/public/login-276",
    "sampleCount" : 100,
    "errorCount" : 0,
    "errorPct" : 0.0,
    "meanResTime" : 6.309999999999998,
    "minResTime" : 0.0,
    "maxResTime" : 135.0,
    "pct1ResTime" : 8.0,
    "pct2ResTime" : 15.899999999999977,
    "pct3ResTime" : 134.31999999999965,
    "throughput" : 66.57789613848203,
    "receivedKBytesPerSec" : 207.53578561917445,
    "sentKBytesPerSec" : 23.34127413448735
  },
  "/system/authentication-301" : {
    "transaction" : "/system/authentication-301",
    "sampleCount" : 100,
    "errorCount" : 0,
    "errorPct" : 0.0,
    "meanResTime" : 2.860000000000001,
    "minResTime" : 0.0,
    "maxResTime" : 58.0,
    "pct1ResTime" : 6.0,
    "pct2ResTime" : 7.0,
    "pct3ResTime" : 57.54999999999977,
    "throughput" : 66.75567423230974,
    "receivedKBytesPerSec" : 20.013664052069426,
    "sentKBytesPerSec" : 29.010034212283045
  },
  "/logout-306-0" : {
    "transaction" : "/logout-306-0",
    "sampleCount" : 100,
    "errorCount" : 0,
    "errorPct" : 0.0,
    "meanResTime" : 1.3300000000000005,
    "minResTime" : 0.0,
    "maxResTime" : 3.0,
    "pct1ResTime" : 2.0,
    "pct2ResTime" : 2.9499999999999886,
    "pct3ResTime" : 3.0,
    "throughput" : 55.5247084952804,
    "receivedKBytesPerSec" : 16.700791227096058,
    "sentKBytesPerSec" : 26.35254719600222
  },
  "/system/username-289" : {
    "transaction" : "/system/username-289",
    "sampleCount" : 100,
    "errorCount" : 0,
    "errorPct" : 0.0,
    "meanResTime" : 4.790000000000002,
    "minResTime" : 0.0,
    "maxResTime" : 82.0,
    "pct1ResTime" : 8.0,
    "pct2ResTime" : 13.949999999999989,
    "pct3ResTime" : 81.82999999999991,
    "throughput" : 66.48936170212765,
    "receivedKBytesPerSec" : 19.479305186170212,
    "sentKBytesPerSec" : 27.92033743351064
  },
  "/system/username-300" : {
    "transaction" : "/system/username-300",
    "sampleCount" : 100,
    "errorCount" : 0,
    "errorPct" : 0.0,
    "meanResTime" : 3.3100000000000005,
    "minResTime" : 0.0,
    "maxResTime" : 24.0,
    "pct1ResTime" : 7.900000000000006,
    "pct2ResTime" : 13.0,
    "pct3ResTime" : 23.949999999999974,
    "throughput" : 66.75567423230974,
    "receivedKBytesPerSec" : 19.557326435246996,
    "sentKBytesPerSec" : 28.618887683578105
  },
  "/system/authentication-259" : {
    "transaction" : "/system/authentication-259",
    "sampleCount" : 100,
    "errorCount" : 0,
    "errorPct" : 0.0,
    "meanResTime" : 7.509999999999997,
    "minResTime" : 0.0,
    "maxResTime" : 86.0,
    "pct1ResTime" : 14.0,
    "pct2ResTime" : 79.9499999999993,
    "pct3ResTime" : 85.99,
    "throughput" : 116.14401858304298,
    "receivedKBytesPerSec" : 34.820521196283394,
    "sentKBytesPerSec" : 42.079522357723576
  },
  "/system/authentication-303" : {
    "transaction" : "/system/authentication-303",
    "sampleCount" : 100,
    "errorCount" : 0,
    "errorPct" : 0.0,
    "meanResTime" : 5.559999999999998,
    "minResTime" : 0.0,
    "maxResTime" : 71.0,
    "pct1ResTime" : 14.900000000000006,
    "pct2ResTime" : 53.19999999999982,
    "pct3ResTime" : 70.91999999999996,
    "throughput" : 55.74136008918617,
    "receivedKBytesPerSec" : 16.711521042363433,
    "sentKBytesPerSec" : 24.223540273132663
  },
  "/public/class='img'-305" : {
    "transaction" : "/public/class='img'-305",
    "sampleCount" : 100,
    "errorCount" : 100,
    "errorPct" : 100.0,
    "meanResTime" : 305.85,
    "minResTime" : 2.0,
    "maxResTime" : 714.0,
    "pct1ResTime" : 572.5,
    "pct2ResTime" : 592.6999999999999,
    "pct3ResTime" : 714.0,
    "throughput" : 52.6592943654555,
    "receivedKBytesPerSec" : 32.500658241179565,
    "sentKBytesPerSec" : 21.547113612427594
  },
  "/public/login-267" : {
    "transaction" : "/public/login-267",
    "sampleCount" : 100,
    "errorCount" : 0,
    "errorPct" : 0.0,
    "meanResTime" : 885.9199999999998,
    "minResTime" : 154.0,
    "maxResTime" : 1262.0,
    "pct1ResTime" : 1155.4,
    "pct2ResTime" : 1197.95,
    "pct3ResTime" : 1261.4899999999998,
    "throughput" : 60.45949214026602,
    "receivedKBytesPerSec" : 211.13588270858526,
    "sentKBytesPerSec" : 66.83607920193471
  },
  "/public/index-277" : {
    "transaction" : "/public/index-277",
    "sampleCount" : 100,
    "errorCount" : 0,
    "errorPct" : 0.0,
    "meanResTime" : 6.31,
    "minResTime" : 0.0,
    "maxResTime" : 88.0,
    "pct1ResTime" : 8.0,
    "pct2ResTime" : 28.899999999999977,
    "pct3ResTime" : 87.92999999999996,
    "throughput" : 66.62225183211193,
    "receivedKBytesPerSec" : 202.53424800133246,
    "sentKBytesPerSec" : 31.94484926715523
  },
  "/system/authentication-290" : {
    "transaction" : "/system/authentication-290",
    "sampleCount" : 100,
    "errorCount" : 0,
    "errorPct" : 0.0,
    "meanResTime" : 5.0900000000000025,
    "minResTime" : 0.0,
    "maxResTime" : 77.0,
    "pct1ResTime" : 14.700000000000017,
    "pct2ResTime" : 28.449999999999875,
    "pct3ResTime" : 76.6099999999998,
    "throughput" : 66.44518272425249,
    "receivedKBytesPerSec" : 19.920577242524917,
    "sentKBytesPerSec" : 28.291112956810633
  },
  "/public/sites-304" : {
    "transaction" : "/public/sites-304",
    "sampleCount" : 100,
    "errorCount" : 0,
    "errorPct" : 0.0,
    "meanResTime" : 22.640000000000008,
    "minResTime" : 5.0,
    "maxResTime" : 231.0,
    "pct1ResTime" : 45.200000000000045,
    "pct2ResTime" : 116.69999999999948,
    "pct3ResTime" : 230.99,
    "throughput" : 52.27391531625718,
    "receivedKBytesPerSec" : 12758.715041819132,
    "sentKBytesPerSec" : 22.25725300575013
  },
  "/public/login-267-1" : {
    "transaction" : "/public/login-267-1",
    "sampleCount" : 100,
    "errorCount" : 0,
    "errorPct" : 0.0,
    "meanResTime" : 8.43,
    "minResTime" : 0.0,
    "maxResTime" : 64.0,
    "pct1ResTime" : 23.0,
    "pct2ResTime" : 37.64999999999992,
    "pct3ResTime" : 63.969999999999985,
    "throughput" : 66.48936170212765,
    "receivedKBytesPerSec" : 207.25980718085106,
    "sentKBytesPerSec" : 37.07561087101064
  },
  "/system/authentication-291" : {
    "transaction" : "/system/authentication-291",