{
  "/system/authentication-339" : {
    "transaction" : "/system/authentication-339",
    "sampleCount" : 100,
    "errorCount" : 0,
    "errorPct" : 0.0,
    "meanResTime" : 2.1100000000000017,
    "minResTime" : 0.0,
    "maxResTime" : 10.0,
    "pct1ResTime" : 5.0,
    "pct2ResTime" : 6.949999999999989,
    "pct3ResTime" : 10.0,
    "throughput" : 110.25358324145535,
    "receivedKBytesPerSec" : 33.05454106945976,
    "sentKBytesPerSec" : 46.94390848952591
  },
  "/user/user_info.html-340" : {
    "transaction" : "/user/user_info.html-340",
    "sampleCount" : 100,
    "errorCount" : 0,
    "errorPct" : 0.0,
    "meanResTime" : 3.87,
    "minResTime" : 0.0,
    "maxResTime" : 62.0,
    "pct1ResTime" : 5.0,
    "pct2ResTime" : 10.899999999999977,
    "pct3ResTime" : 61.82999999999991,
    "throughput" : 110.13215859030836,
    "receivedKBytesPerSec" : 465.6955534140969,
    "sentKBytesPerSec" : 52.699958700440526
  },
  "/system/authentication-338" : {
    "transaction" : "/system/authentication-338",
    "sampleCount" : 100,
    "errorCount" : 0,
    "errorPct" : 0.0,
    "meanResTime" : 3.1000000000000005,
    "minResTime" : 0.0,
    "maxResTime" : 26.0,
    "pct1ResTime" : 7.0,
    "pct2ResTime" : 11.949999999999989,
    "pct3ResTime" : 25.93999999999997,
    "throughput" : 110.25358324145535,
    "receivedKBytesPerSec" : 33.05454106945976,
    "sentKBytesPerSec" : 46.94390848952591
  },
  "/system/authentication-349" : {
    "transaction" : "/system/authentication-349",
    "sampleCount" : 100,
    "errorCount" : 0,
    "errorPct" : 0.0,
    "meanResTime" : 3.18,
    "minResTime" : 0.0,
    "maxResTime" : 70.0,
    "pct1ResTime" : 7.0,
    "pct2ResTime" : 8.0,
    "pct3ResTime" : 69.63999999999982,
    "throughput" : 110.13215859030836,
    "receivedKBytesPerSec" : 33.01813738986784,
    "sentKBytesPerSec" : 47.64506470264317
  },
  "/system/username-346" : {
    "transaction" : "/system/username-346",
    "sampleCount" : 100,
    "errorCount" : 0,
    "errorPct" : 0.0,
    "meanResTime" : 3.2800000000000007,
    "minResTime" : 0.0,
    "maxResTime" : 24.0,
    "pct1ResTime" : 8.0,
    "pct2ResTime" : 20.549999999999898,
    "pct3ResTime" : 24.0,
    "throughput" : 110.13215859030836,
    "receivedKBytesPerSec" : 32.265280837004404,
    "sentKBytesPerSec" : 46.99975908590308
  },
  "/public/login-315-0" : {
    "transaction" : "/public/login-315-0",
    "sampleCount" : 100,
    "errorCount" : 0,
    "errorPct" : 0.0,
    "meanResTime" : 723.5899999999998,
    "minResTime" : 505.0,
    "maxResTime" : 890.0,
    "pct1ResTime" : 807.3000000000001,
    "pct2ResTime" : 827.75,
    "pct3ResTime" : 889.7899999999998,
    "throughput" : 65.44502617801047,
    "receivedKBytesPerSec" : 24.541884816753928,
    "sentKBytesPerSec" : 36.30153795811518
  },
  "/system/authentication-348" : {
    "transaction" : "/system/authentication-348",
    "sampleCount" : 100,
    "errorCount" : 0,
    "errorPct" : 0.0,
    "meanResTime" : 2.7599999999999993,
    "minResTime" : 0.0,
    "maxResTime" : 30.0,
    "pct1ResTime" : 5.0,
    "pct2ResTime" : 11.899999999999977,
    "pct3ResTime" : 30.0,
    "throughput" : 110.13215859030836,
    "receivedKBytesPerSec" : 33.01813738986784,
    "sentKBytesPerSec" : 47.64506470264317
  },
  "/user/center/user1-350" : {
    "transaction" : "/user/center/user1-350",
    "sampleCount" : 100,
    "errorCount" : 0,
    "errorPct" : 0.0,
    "meanResTime" : 3.71,
    "minResTime" : 0.0,
    "maxResTime" : 35.0,
    "pct1ResTime" : 8.900000000000006,
    "pct2ResTime" : 12.949999999999989,
    "pct3ResTime" : 34.85999999999993,
    "throughput" : 110.13215859030836,
    "receivedKBytesPerSec" : 51.086694658590304,
    "sentKBytesPerSec" : 47.21486095814978
  },
  "/public/login-324" : {
    "transaction" : "/public/login-324",
    "sampleCount" : 100,
    "errorCount" : 0,
    "errorPct" : 0.0,
    "meanResTime" : 5.4399999999999995,
    "minResTime" : 0.0,
    "maxResTime" : 223.0,
    "pct1ResTime" : 7.0,
    "pct2ResTime" : 13.899999999999977,
    "pct3ResTime" : 221.14999999999907,
    "throughput" : 110.13215859030836,
    "receivedKBytesPerSec" : 343.30258810572684,
    "sentKBytesPerSec" : 38.61078606828194
  },
  "/public/login-316" : {
    "transaction" : "/public/login-316",
    "sampleCount" : 100,
    "errorCount" : 0,
    "errorPct" : 0.0,
    "meanResTime" : 7.000000000000001,
    "minResTime" : 0.0,
    "maxResTime" : 173.0,
    "pct1ResTime" : 16.900000000000006,
    "pct2ResTime" : 30.849999999999966,
    "pct3ResTime" : 171.95999999999947,
    "throughput" : 110.01100110011001,
    "receivedKBytesPerSec" : 342.92491749174917,
    "sentKBytesPerSec" : 53.50144389438944
  },
  "/public/login-315" : {
    "transaction" : "/public/login-315",
    "sampleCount" : 200,
    "errorCount" : 0,
    "errorPct" : 0.0,
    "meanResTime" : 766.8700000000002,
    "minResTime" : 520.0,
    "maxResTime" : 1117.0,
    "pct1ResTime" : 881.7,
    "pct2ResTime" : 908.95,
    "pct3ResTime" : 956.9300000000001,
    "throughput" : 120.33694344163658,
    "receivedKBytesPerSec" : 2761.462563929001,
    "sentKBytesPerSec" : 503.558401022864
  },
  "/public/index-325" : {
    "transaction" : "/public/index-325",
    "sampleCount" : 100,
    "errorCount" : 0,
    "errorPct" : 0.0,
    "meanResTime" : 4.010000000000001,
    "minResTime" : 0.0,
    "maxResTime" : 111.0,
    "pct1ResTime" : 8.0,
    "pct2ResTime" : 10.0,
    "pct3ResTime" : 110.0199999999995,
    "throughput" : 110.13215859030836,
    "receivedKBytesPerSec" : 334.80606415198235,
    "sentKBytesPerSec" : 52.80750963656387
  },
  "Total" : {
    "transaction" : "Total",
    "sampleCount" : 1700,
    "errorCount" : 0,
    "errorPct" : 0.0,
    "meanResTime" : 90.17294117647066,
    "minResTime" : 0.0,
    "maxResTime" : 891.0,
    "pct1ResTime" : 650.4000000000005,
    "pct2ResTime" : 752.0,
    "pct3ResTime" : 822.95,
    "throughput" : 1096.774193548387,
    "receivedKBytesPerSec" : 2961.000504032258,
    "sentKBytesPerSec" : 539.9445564516129
  },
  "/user/orders/username/user1-351" : {
    "transaction" : "/user/orders/username/user1-351",
    "sampleCount" : 100,
    "errorCount" : 0,
    "errorPct" : 0.0,
    "meanResTime" : 11.130000000000003,
    "minResTime" : 3.0,
    "maxResTime" : 143.0,
    "pct1ResTime" : 37.60000000000002,
    "pct2ResTime" : 45.94999999999999,
    "pct3ResTime" : 142.95,
    "throughput" : 109.76948408342481,
    "receivedKBytesPerSec" : 2167.0897365532383,
    "sentKBytesPerSec" : 48.02414928649835
  },
  "/public/login-315-1" : {
    "transaction" : "/public/login-315-1",
    "sampleCount" : 100,
    "errorCount" : 0,
    "errorPct" : 0.0,
    "meanResTime" : 11.720000000000004,
    "minResTime" : 0.0,
    "maxResTime" : 138.0,
    "pct1ResTime" : 32.80000000000001,
    "pct2ResTime" : 50.94999999999999,
    "pct3ResTime" : 137.63999999999982,
    "throughput" : 109.52902519167579,
    "receivedKBytesPerSec" : 341.4225082146769,
    "sentKBytesPerSec" : 61.82400054764512
  },
  "/system/username-337" : {
    "transaction" : "/system/username-337",
    "sampleCount" : 100,
    "errorCount" : 0,
    "errorPct" : 0.0,
    "meanResTime" : 4.31,
    "minResTime" : 0.0,
    "maxResTime" : 71.0,
    "pct1ResTime" : 8.900000000000006,
    "pct2ResTime" : 17.59999999999991,
    "pct3ResTime" : 70.85999999999993,
    "throughput" : 110.13215859030836,
    "receivedKBytesPerSec" : 32.265280837004404,
    "sentKBytesPerSec" : 46.246902533039645
  },
  "/system/userId-347" : {
    "transaction" : "/system/userId-347",
    "sampleCount" : 100,
    "errorCount" : 0,
    "errorPct" : 0.0,
    "meanResTime" : 3.7000000000000006,
    "minResTime" : 1.0,
    "maxResTime" : 36.0,
    "pct1ResTime" : 8.0,
    "pct2ResTime" : 9.949999999999989,
    "pct3ResTime" : 35.89999999999995,
    "throughput" : 110.01100110011001,
    "receivedKBytesPerSec" : 32.981813806380636,
    "sentKBytesPerSec" : 46.73318894389439
  },