{
  "Total" : {
    "transaction" : "Total",
    "sampleCount" : 1600,
    "errorCount" : 200,
    "errorPct" : 12.5,
    "meanResTime" : 354.02500000000003,
    "minResTime" : 0.0,
    "maxResTime" : 3340.0,
    "pct1ResTime" : 2436.0,
    "pct2ResTime" : 2750.8499999999995,
    "pct3ResTime" : 2959.86,
    "throughput" : 462.0271440947156,
    "receivedKBytesPerSec" : 1041.7042665319086,
    "sentKBytesPerSec" : 266.48904490326305
  },
  "/user/login.html-88-1" : {
    "transaction" : "/user/login.html-88-1",
    "sampleCount" : 200,
    "errorCount" : 0,
    "errorPct" : 0.0,
    "meanResTime" : 15.505000000000004,
    "minResTime" : 0.0,
    "maxResTime" : 240.0,
    "pct1ResTime" : 31.0,
    "pct2ResTime" : 42.94999999999999,
    "pct3ResTime" : 238.0,
    "throughput" : 272.108843537415,
    "receivedKBytesPerSec" : 848.2142857142858,
    "sentKBytesPerSec" : 116.39030612244898
  },
  "/public/login-98" : {
    "transaction" : "/public/login-98",
    "sampleCount" : 200,
    "errorCount" : 0,
    "errorPct" : 0.0,
    "meanResTime" : 5.215,
    "minResTime" : 1.0,
    "maxResTime" : 68.0,
    "pct1ResTime" : 6.0,
    "pct2ResTime" : 12.899999999999977,
    "pct3ResTime" : 64.98000000000002,
    "throughput" : 302.571860816944,
    "receivedKBytesPerSec" : 943.1732223903176,
    "sentKBytesPerSec" : 144.48988275340392
  },
  "/user/register.html-94-1" : {
    "transaction" : "/user/register.html-94-1",
    "sampleCount" : 200,
    "errorCount" : 0,
    "errorPct" : 0.0,
    "meanResTime" : 18.299999999999997,
    "minResTime" : 0.0,
    "maxResTime" : 302.0,
    "pct1ResTime" : 41.0,
    "pct2ResTime" : 54.799999999999955,
    "pct3ResTime" : 242.99,
    "throughput" : 276.24309392265195,
    "receivedKBytesPerSec" : 861.1015193370166,
    "sentKBytesPerSec" : 131.10756215469613
  },
  "/user/register.html-94-0" : {
    "transaction" : "/user/register.html-94-0",
    "sampleCount" : 200,
    "errorCount" : 0,
    "errorPct" : 0.0,
    "meanResTime" : 14.18000000000001,
    "minResTime" : 0.0,
    "maxResTime" : 281.0,
    "pct1ResTime" : 37.900000000000006,
    "pct2ResTime" : 48.0,
    "pct3ResTime" : 246.72000000000025,
    "throughput" : 275.1031636863824,
    "receivedKBytesPerSec" : 80.86528541953233,
    "sentKBytesPerSec" : 132.17847317744153
  },
  "/public/register-97" : {
    "transaction" : "/public/register-97",
    "sampleCount" : 400,
    "errorCount" : 400,
    "errorPct" : 100.0,
    "meanResTime" : 2658.4524999999976,
    "minResTime" : 1989.0,
    "maxResTime" : 3341.0,
    "pct1ResTime" : 2921.9,
    "pct2ResTime" : 3017.8,
    "pct3ResTime" : 3333.84,
    "throughput" : 119.47431302270012,
    "receivedKBytesPerSec" : 321.0872162485066,
    "sentKBytesPerSec" : 101.7981817502987
  },
  "/user/register.html-94" : {
    "transaction" : "/user/register.html-94",
    "sampleCount" : 200,
    "errorCount" : 0,
    "errorPct" : 0.0,
    "meanResTime" : 32.64000000000002,
    "minResTime" : 1.0,
    "maxResTime" : 328.0,
    "pct1ResTime" : 69.9,
    "pct2ResTime" : 79.79999999999995,
    "pct3ResTime" : 318.8000000000002,
    "throughput" : 274.72527472527474,
    "receivedKBytesPerSec" : 937.1243990384615,
    "sentKBytesPerSec" : 262.38410027472526
  },
  "/user/login.html-88" : {
    "transaction" : "/user/login.html-88",
    "sampleCount" : 400,
    "errorCount" : 0,
    "errorPct" : 0.0,
    "meanResTime" : 71.63999999999999,
    "minResTime" : 2.0,
    "maxResTime" : 541.0,
    "pct1ResTime" : 146.7000000000001,
    "pct2ResTime" : 254.0,
    "pct3ResTime" : 420.7600000000002,
    "throughput" : 420.16806722689074,
    "receivedKBytesPerSec" : 2180.647649684874,
    "sentKBytesPerSec" : 539.5712972689076
  },
  "/user/login.html-88-0" : {
    "transaction" : "/user/login.html-88-0",
    "sampleCount" : 200,
    "errorCount" : 0,
    "errorPct" : 0.0,
    "meanResTime" : 35.195,
    "minResTime" : 1.0,
    "maxResTime" : 246.0,
    "pct1ResTime" : 91.0,
    "pct2ResTime" : 97.0,
    "pct3ResTime" : 113.0,
    "throughput" : 244.20024420024419,
    "receivedKBytesPerSec" : 89.66727716727718,
    "sentKBytesPerSec" : 92.52899877899878
  }
}