{
  "/user/reverse-72" : {
    "transaction" : "/user/reverse-72",
    "sampleCount" : 2000,
    "errorCount" : 0,
    "errorPct" : 0.0,
    "meanResTime" : 31.51850000000001,
    "minResTime" : 1.0,
    "maxResTime" : 812.0,
    "pct1ResTime" : 76.0,
    "pct2ResTime" : 125.89999999999964,
    "pct3ResTime" : 388.72000000000025,
    "throughput" : 61.28014216992984,
    "receivedKBytesPerSec" : 18.072854429022275,
    "sentKBytesPerSec" : 38.53946441155743
  },
  "/system/username-84" : {
    "transaction" : "/system/username-84",
    "sampleCount" : 2000,
    "errorCount" : 0,
    "errorPct" : 0.0,
    "meanResTime" : 19.622000000000018,
    "minResTime" : 0.0,
    "maxResTime" : 418.0,
    "pct1ResTime" : 43.0,
    "pct2ResTime" : 76.94999999999982,
    "pct3ResTime" : 231.0,
    "throughput" : 61.29328838492185,
    "receivedKBytesPerSec" : 18.076731535396874,
    "sentKBytesPerSec" : 26.277103125957705
  },
  "/system/username-20" : {
    "transaction" : "/system/username-20",
    "sampleCount" : 2000,
    "errorCount" : 0,
    "errorPct" : 0.0,
    "meanResTime" : 20.015000000000015,
    "minResTime" : 0.0,
    "maxResTime" : 579.0,
    "pct1ResTime" : 45.0,
    "pct2ResTime" : 83.94999999999982,
    "pct3ResTime" : 258.94000000000005,
    "throughput" : 61.332760894231654,
    "receivedKBytesPerSec" : 18.046446149835933,
    "sentKBytesPerSec" : 24.718779708056058
  },
  "/system/username-67" : {
    "transaction" : "/system/username-67",
    "sampleCount" : 2000,
    "errorCount" : 0,
    "errorPct" : 0.0,
    "meanResTime" : 17.385499999999997,
    "minResTime" : 0.0,
    "maxResTime" : 409.0,
    "pct1ResTime" : 39.0,
    "pct2ResTime" : 56.94999999999982,
    "pct3ResTime" : 277.9000000000001,
    "throughput" : 61.2238650626014,
    "receivedKBytesPerSec" : 18.0562570790094,
    "sentKBytesPerSec" : 26.247340588361343
  },
  "/public/login-31-1" : {
    "transaction" : "/public/login-31-1",
    "sampleCount" : 2000,
    "errorCount" : 0,
    "errorPct" : 0.0,
    "meanResTime" : 41.71450000000014,
    "minResTime" : 0.0,
    "maxResTime" : 378.0,
    "pct1ResTime" : 121.0,
    "pct2ResTime" : 188.0,
    "pct3ResTime" : 293.94000000000005,
    "throughput" : 61.20138315125922,
    "receivedKBytesPerSec" : 190.77618654181583,
    "sentKBytesPerSec" : 34.12694314391505
  },
  "/public/login-31" : {
    "transaction" : "/public/login-31",
    "sampleCount" : 4000,
    "errorCount" : 0,
    "errorPct" : 0.0,
    "meanResTime" : 1933.828500000002,
    "minResTime" : 87.0,
    "maxResTime" : 3687.0,
    "pct1ResTime" : 2687.9,
    "pct2ResTime" : 2842.0,
    "pct3ResTime" : 3154.99,
    "throughput" : 121.9958521410272,
    "receivedKBytesPerSec" : 16074.740568195682,
    "sentKBytesPerSec" : 403.42026808588514
  },
  "/public/login-31-0" : {
    "transaction" : "/public/login-31-0",
    "sampleCount" : 2000,
    "errorCount" : 0,
    "errorPct" : 0.0,
    "meanResTime" : 1801.1450000000016,
    "minResTime" : 86.0,
    "maxResTime" : 3027.0,
    "pct1ResTime" : 2436.9,
    "pct2ResTime" : 2545.95,
    "pct3ResTime" : 2705.96,
    "throughput" : 61.014674029104,
    "receivedKBytesPerSec" : 22.880502760914,
    "sentKBytesPerSec" : 36.388341239818175
  },
  "/system/userId-71" : {
    "transaction" : "/system/userId-71",
    "sampleCount" : 4000,
    "errorCount" : 0,
    "errorPct" : 0.0,
    "meanResTime" : 108.87949999999954,
    "minResTime" : 0.0,
    "maxResTime" : 1233.0,
    "pct1ResTime" : 347.9000000000001,
    "pct2ResTime" : 469.9499999999998,
    "pct3ResTime" : 645.9899999999998,
    "throughput" : 122.52649635483672,
    "receivedKBytesPerSec" : 15339.92248284629,
    "sentKBytesPerSec" : 227.40391242418673
  },
  "/-7" : {
    "transaction" : "/-7",
    "sampleCount" : 4000,
    "errorCount" : 0,
    "errorPct" : 0.0,
    "meanResTime" : 64.09775000000018,
    "minResTime" : 0.0,
    "maxResTime" : 816.0,
    "pct1ResTime" : 204.9000000000001,
    "pct2ResTime" : 283.0,
    "pct3ResTime" : 443.9599999999991,
    "throughput" : 122.088941794097,
    "receivedKBytesPerSec" : 616.015732304734,
    "sentKBytesPerSec" : 152.44425876751214
  },
  "/public/index-41" : {
    "transaction" : "/public/index-41",
    "sampleCount" : 2000,
    "errorCount" : 0,
    "errorPct" : 0.0,
    "meanResTime" : 14.634500000000005,
    "minResTime" : 0.0,
    "maxResTime" : 404.0,
    "pct1ResTime" : 33.0,
    "pct2ResTime" : 52.94999999999982,
    "pct3ResTime" : 138.98000000000002,
    "throughput" : 61.20700208103807,
    "receivedKBytesPerSec" : 186.07167722487452,
    "sentKBytesPerSec" : 29.348279318153995
  },
  "/system/authentication-55" : {
    "transaction" : "/system/authentication-55",
    "sampleCount" : 2000,
    "errorCount" : 0,
    "errorPct" : 0.0,
    "meanResTime" : 14.779500000000018,
    "minResTime" : 0.0,
    "maxResTime" : 627.0,
    "pct1ResTime" : 30.90000000000009,
    "pct2ResTime" : 49.94999999999982,
    "pct3ResTime" : 208.99,
    "throughput" : 61.21449559255632,
    "receivedKBytesPerSec" : 18.352392721596477,
    "sentKBytesPerSec" : 26.06398445151812
  },
  "/public/sites-70" : {
    "transaction" : "/public/sites-70",
    "sampleCount" : 2000,
    "errorCount" : 0,
    "errorPct" : 0.0,
    "meanResTime" : 38.491000000000064,
    "minResTime" : 4.0,
    "maxResTime" : 544.0,
    "pct1ResTime" : 88.90000000000009,
    "pct2ResTime" : 156.0,
    "pct3ResTime" : 353.99,
    "throughput" : 61.23136270397698,
    "receivedKBytesPerSec" : 14944.99701497107,
    "sentKBytesPerSec" : 26.071166151302698
  },
  "/system/authentication-54" : {
    "transaction" : "/system/authentication-54",
    "sampleCount" : 2000,
    "errorCount" : 0,
    "errorPct" : 0.0,
    "meanResTime" : 15.581999999999988,
    "minResTime" : 0.0,
    "maxResTime" : 566.0,
    "pct1ResTime" : 35.0,
    "pct2ResTime" : 54.0,
    "pct3ResTime" : 206.0,
    "throughput" : 61.216369257139355,
    "receivedKBytesPerSec" : 18.352954455021273,
    "sentKBytesPerSec" : 26.064782222766368
  },
  "/system/username-53" : {
    "transaction" : "/system/username-53",
    "sampleCount" : 2000,
    "errorCount" : 0,
    "errorPct" : 0.0,
    "meanResTime" : 15.565500000000007,
    "minResTime" : 0.0,
    "maxResTime" : 429.0,
    "pct1ResTime" : 33.0,
    "pct2ResTime" : 50.94999999999982,
    "pct3ResTime" : 231.99,
    "throughput" : 61.2088752869166,
    "receivedKBytesPerSec" : 18.051836266258608,
    "sentKBytesPerSec" : 25.702945677123186
  },
  "/public/login-40" : {
    "transaction" : "/public/login-40",
    "sampleCount" : 2000,
    "errorCount" : 0,
    "errorPct" : 0.0,
    "meanResTime" : 16.001000000000037,
    "minResTime" : 0.0,
    "maxResTime" : 363.0,
    "pct1ResTime" : 32.0,
    "pct2ResTime" : 51.0,
    "pct3ResTime" : 253.99,
    "throughput" : 61.2032560132199,
    "receivedKBytesPerSec" : 190.78202460370892,
    "sentKBytesPerSec" : 21.457000887447215
  },
  "/public/login-25" : {
    "transaction" : "/public/login-25",
    "sampleCount" : 2000,
    "errorCount" : 0,
    "errorPct" : 0.0,
    "meanResTime" : 19.80149999999998,
    "minResTime" : 0.0,
    "maxResTime" : 476.0,
    "pct1ResTime" : 49.90000000000009,
    "pct2ResTime" : 80.0,
    "pct3ResTime" : 219.0,
    "throughput" : 61.34028523232633,
    "receivedKBytesPerSec" : 191.20917037264226,
    "sentKBytesPerSec" : 27.8966512038031
  },
  "/user/reservation.html-56" : {
    "transaction" : "/user/reservation.html-56",
    "sampleCount" : 2000,
    "errorCount" : 0,
    "errorPct" : 0.0,
    "meanResTime" : 17.384000000000015,
    "minResTime" : 0.0,
    "maxResTime" : 524.0,
    "pct1ResTime" : 38.0,
    "pct2ResTime" : 60.94999999999982,
    "pct3ResTime" : 217.9000000000001,
    "throughput" : 61.21824303642485,
    "receivedKBytesPerSec" : 276.9766796755433,
    "sentKBytesPerSec" : 29.413452708907254
  },
  "Total" : {
    "transaction" : "Total",
    "sampleCount" : 50000,
    "errorCount" : 0,
    "errorPct" : 0.0,
    "meanResTime" : 166.42672000000104,