{
  "/public/login-94-1" : {
    "transaction" : "/public/login-94-1",
    "sampleCount" : 100,
    "errorCount" : 0,
    "errorPct" : 0.0,
    "meanResTime" : 17.6,
    "minResTime" : 0.0,
    "maxResTime" : 102.0,
    "pct1ResTime" : 68.30000000000004,
    "pct2ResTime" : 77.94999999999999,
    "pct3ResTime" : 101.89999999999995,
    "throughput" : 72.04610951008645,
    "receivedKBytesPerSec" : 224.58123198847264,
    "sentKBytesPerSec" : 40.17414895533142
  },
  "/system/authentication-118" : {
    "transaction" : "/system/authentication-118",
    "sampleCount" : 100,
    "errorCount" : 0,
    "errorPct" : 0.0,
    "meanResTime" : 5.260000000000001,
    "minResTime" : 0.0,
    "maxResTime" : 60.0,
    "pct1ResTime" : 15.700000000000017,
    "pct2ResTime" : 16.0,
    "pct3ResTime" : 59.989999999999995,
    "throughput" : 71.99424046076314,
    "receivedKBytesPerSec" : 21.584210763138948,
    "sentKBytesPerSec" : 30.653797696184306
  },
  "/public/login-94-0" : {
    "transaction" : "/public/login-94-0",
    "sampleCount" : 100,
    "errorCount" : 0,
    "errorPct" : 0.0,
    "meanResTime" : 596.8400000000001,
    "minResTime" : 119.0,
    "maxResTime" : 901.0,
    "pct1ResTime" : 757.3000000000001,
    "pct2ResTime" : 856.4499999999994,
    "pct3ResTime" : 900.8699999999999,
    "throughput" : 66.35700066357,
    "receivedKBytesPerSec" : 24.883875248838756,
    "sentKBytesPerSec" : 36.35378649635037
  },
  "/system/username-130" : {
    "transaction" : "/system/username-130",
    "sampleCount" : 100,
    "errorCount" : 0,
    "errorPct" : 0.0,
    "meanResTime" : 5.439999999999999,
    "minResTime" : 0.0,
    "maxResTime" : 126.0,
    "pct1ResTime" : 10.0,
    "pct2ResTime" : 16.94999999999999,
    "pct3ResTime" : 125.33999999999966,
    "throughput" : 72.09805335255948,
    "receivedKBytesPerSec" : 21.12247656813266,
    "sentKBytesPerSec" : 30.909224044700792
  },
  "/public/login-94" : {
    "transaction" : "/public/login-94",
    "sampleCount" : 200,
    "errorCount" : 0,
    "errorPct" : 0.0,
    "meanResTime" : 662.6249999999999,
    "minResTime" : 125.0,
    "maxResTime" : 1099.0,
    "pct1ResTime" : 879.7,
    "pct2ResTime" : 926.95,
    "pct3ResTime" : 1014.0,
    "throughput" : 13.49345567399811,
    "receivedKBytesPerSec" : 1798.964904365133,
    "sentKBytesPerSec" : 47.200740453380114
  },
  "/public/login-95" : {
    "transaction" : "/public/login-95",
    "sampleCount" : 100,
    "errorCount" : 0,
    "errorPct" : 0.0,
    "meanResTime" : 5.010000000000001,
    "minResTime" : 0.0,
    "maxResTime" : 21.0,
    "pct1ResTime" : 13.0,
    "pct2ResTime" : 16.0,
    "pct3ResTime" : 20.989999999999995,
    "throughput" : 71.99424046076314,
    "receivedKBytesPerSec" : 224.4195464362851,
    "sentKBytesPerSec" : 34.520675845932324
  },
  "/system/authentication-117" : {
    "transaction" : "/system/authentication-117",
    "sampleCount" : 100,
    "errorCount" : 0,
    "errorPct" : 0.0,
    "meanResTime" : 6.83,
    "minResTime" : 0.0,
    "maxResTime" : 181.0,
    "pct1ResTime" : 13.0,
    "pct2ResTime" : 17.0,
    "pct3ResTime" : 180.00999999999948,
    "throughput" : 71.99424046076314,
    "receivedKBytesPerSec" : 21.584210763138948,
    "sentKBytesPerSec" : 30.653797696184306
  },
  "/public/index-104" : {
    "transaction" : "/public/index-104",
    "sampleCount" : 100,
    "errorCount" : 0,
    "errorPct" : 0.0,
    "meanResTime" : 13.390000000000006,
    "minResTime" : 0.0,
    "maxResTime" : 113.0,
    "pct1ResTime" : 19.0,
    "pct2ResTime" : 106.0,
    "pct3ResTime" : 113.0,
    "throughput" : 71.94244604316546,
    "receivedKBytesPerSec" : 218.7078462230216,
    "sentKBytesPerSec" : 34.495840827338135
  },
  "/logout-151" : {
    "transaction" : "/logout-151",
    "sampleCount" : 100,
    "errorCount" : 0,
    "errorPct" : 0.0,
    "meanResTime" : 1.8699999999999997,
    "minResTime" : 1.0,
    "maxResTime" : 7.0,
    "pct1ResTime" : 4.0,
    "pct2ResTime" : 4.0,
    "pct3ResTime" : 6.989999999999995,
    "throughput" : 71.37758743754462,
    "receivedKBytesPerSec" : 243.96636331192005,
    "sentKBytesPerSec" : 68.6591051034975
  },
  "/system/authentication-132" : {
    "transaction" : "/system/authentication-132",
    "sampleCount" : 100,
    "errorCount" : 0,
    "errorPct" : 0.0,
    "meanResTime" : 4.630000000000001,
    "minResTime" : 0.0,
    "maxResTime" : 170.0,
    "pct1ResTime" : 9.900000000000006,
    "pct2ResTime" : 14.949999999999989,
    "pct3ResTime" : 168.46999999999923,
    "throughput" : 72.20216606498195,
    "receivedKBytesPerSec" : 21.646547833935017,
    "sentKBytesPerSec" : 31.376917870036102
  },
  "/system/username-116" : {
    "transaction" : "/system/username-116",
    "sampleCount" : 100,
    "errorCount" : 0,
    "errorPct" : 0.0,
    "meanResTime" : 5.310000000000001,
    "minResTime" : 0.0,
    "maxResTime" : 63.0,
    "pct1ResTime" : 12.900000000000006,
    "pct2ResTime" : 17.0,
    "pct3ResTime" : 63.0,
    "throughput" : 71.99424046076314,
    "receivedKBytesPerSec" : 21.0920626349892,
    "sentKBytesPerSec" : 30.23195644348452
  },
  "/system/authentication-131" : {
    "transaction" : "/system/authentication-131",
    "sampleCount" : 100,
    "errorCount" : 0,
    "errorPct" : 0.0,
    "meanResTime" : 8.130000000000003,
    "minResTime" : 0.0,
    "maxResTime" : 120.0,
    "pct1ResTime" : 15.0,
    "pct2ResTime" : 52.29999999999961,
    "pct3ResTime" : 119.99,
    "throughput" : 72.25433526011561,
    "receivedKBytesPerSec" : 21.662188403179194,
    "sentKBytesPerSec" : 31.399589053468212
  },
  "/user/reservation.html-119" : {
    "transaction" : "/user/reservation.html-119",
    "sampleCount" : 100,
    "errorCount" : 0,
    "errorPct" : 0.0,
    "meanResTime" : 13.230000000000002,
    "minResTime" : 0.0,
    "maxResTime" : 239.0,
    "pct1ResTime" : 17.0,
    "pct2ResTime" : 102.44999999999987,
    "pct3ResTime" : 237.88999999999942,
    "throughput" : 72.04610951008645,
    "receivedKBytesPerSec" : 325.96643101585016,
    "sentKBytesPerSec" : 34.615904178674356
  },
  "/system/userId-134" : {
    "transaction" : "/system/userId-134",
    "sampleCount" : 200,
    "errorCount" : 0,
    "errorPct" : 0.0,
    "meanResTime" : 9.489999999999998,
    "minResTime" : 1.0,
    "maxResTime" : 32.0,
    "pct1ResTime" : 21.0,
    "pct2ResTime" : 26.0,
    "pct3ResTime" : 30.99000000000001,
    "throughput" : 12.815583749839805,
    "receivedKBytesPerSec" : 1626.3213567698322,
    "sentKBytesPerSec" : 29.942660274894273
  },
  "/system/authentication-148" : {
    "transaction" : "/system/authentication-148",
    "sampleCount" : 100,
    "errorCount" : 0,
    "errorPct" : 0.0,
    "meanResTime" : 0.7799999999999999,
    "minResTime" : 0.0,
    "maxResTime" : 7.0,
    "pct1ResTime" : 1.0,
    "pct2ResTime" : 2.0,
    "pct3ResTime" : 6.9599999999999795,
    "throughput" : 71.27583749109053,
    "receivedKBytesPerSec" : 21.368830185317176,
    "sentKBytesPerSec" : 30.974362972202425
  },
  "/user/reservation.html-136" : {
    "transaction" : "/user/reservation.html-136",
    "sampleCount" : 100,
    "errorCount" : 0,
    "errorPct" : 0.0,
    "meanResTime" : 1.1199999999999999,
    "minResTime" : 0.0,
    "maxResTime" : 7.0,
    "pct1ResTime" : 2.0,
    "pct2ResTime" : 2.0,
    "pct3ResTime" : 7.0,
    "throughput" : 71.22507122507123,
    "receivedKBytesPerSec" : 322.2517138532764,
    "sentKBytesPerSec" : 36.02987001424501
  },
  "/system/username-147" : {
    "transaction" : "/system/username-147",
    "sampleCount" : 100,
    "errorCount" : 0,
    "errorPct" : 0.0,
    "meanResTime" : 0.7200000000000002,
    "minResTime" : 0.0,
    "maxResTime" : 3.0,
    "pct1ResTime" : 1.0,
    "pct2ResTime" : 1.9499999999999886,
    "pct3ResTime" : 2.989999999999995,
    "throughput" : 71.22507122507123,
    "receivedKBytesPerSec" : 20.866720085470085,
    "sentKBytesPerSec" : 30.53496705840456
  },
  "/system/authentication-149" : {
    "transaction" : "/system/authentication-149",
    "sampleCount" : 100,