{
  "/logout-35-0" : {
    "transaction" : "/logout-35-0",
    "sampleCount" : 100,
    "errorCount" : 0,
    "errorPct" : 0.0,
    "meanResTime" : 24.840000000000018,
    "minResTime" : 0.0,
    "maxResTime" : 433.0,
    "pct1ResTime" : 50.30000000000004,
    "pct2ResTime" : 171.69999999999993,
    "pct3ResTime" : 432.92999999999995,
    "throughput" : 86.35578583765113,
    "receivedKBytesPerSec" : 25.974201208981004,
    "sentKBytesPerSec" : 40.226279145077726
  },
  "/logout-35-1" : {
    "transaction" : "/logout-35-1",
    "sampleCount" : 100,
    "errorCount" : 0,
    "errorPct" : 0.0,
    "meanResTime" : 7.360000000000006,
    "minResTime" : 0.0,
    "maxResTime" : 86.0,
    "pct1ResTime" : 16.50000000000003,
    "pct2ResTime" : 48.64999999999992,
    "pct3ResTime" : 85.99,
    "throughput" : 86.35578583765113,
    "receivedKBytesPerSec" : 269.1871761658031,
    "sentKBytesPerSec" : 41.32259283246978
  },
  "/system/username-32" : {
    "transaction" : "/system/username-32",
    "sampleCount" : 100,
    "errorCount" : 0,
    "errorPct" : 0.0,
    "meanResTime" : 9.459999999999999,
    "minResTime" : 0.0,
    "maxResTime" : 93.0,
    "pct1ResTime" : 40.0,
    "pct2ResTime" : 76.34999999999962,
    "pct3ResTime" : 92.95999999999998,
    "throughput" : 86.35578583765113,
    "receivedKBytesPerSec" : 25.468210276338517,
    "sentKBytesPerSec" : 36.26268350604491
  },
  "/public/index-20" : {
    "transaction" : "/public/index-20",
    "sampleCount" : 100,
    "errorCount" : 0,
    "errorPct" : 0.0,
    "meanResTime" : 9.230000000000002,
    "minResTime" : 0.0,
    "maxResTime" : 198.0,
    "pct1ResTime" : 12.900000000000006,
    "pct2ResTime" : 76.89999999999952,
    "pct3ResTime" : 197.40999999999968,
    "throughput" : 86.28127696289906,
    "receivedKBytesPerSec" : 262.29845232959445,
    "sentKBytesPerSec" : 41.37119823123382
  },
  "/public/login-10" : {
    "transaction" : "/public/login-10",
    "sampleCount" : 200,
    "errorCount" : 0,
    "errorPct" : 0.0,
    "meanResTime" : 734.9549999999999,
    "minResTime" : 194.0,
    "maxResTime" : 1372.0,
    "pct1ResTime" : 984.6,
    "pct2ResTime" : 1336.2999999999975,
    "pct3ResTime" : 1368.99,
    "throughput" : 142.04545454545456,
    "receivedKBytesPerSec" : 996.884432705966,
    "sentKBytesPerSec" : 306.5629438920455
  },
  "/public/login-10-1" : {
    "transaction" : "/public/login-10-1",
    "sampleCount" : 100,
    "errorCount" : 0,
    "errorPct" : 0.0,
    "meanResTime" : 13.690000000000001,
    "minResTime" : 0.0,
    "maxResTime" : 125.0,
    "pct1ResTime" : 42.80000000000001,
    "pct2ResTime" : 60.0,
    "pct3ResTime" : 124.53999999999976,
    "throughput" : 82.57638315441784,
    "receivedKBytesPerSec" : 257.40606936416185,
    "sentKBytesPerSec" : 46.04601052848885
  },
  "/public/login-10-0" : {
    "transaction" : "/public/login-10-0",
    "sampleCount" : 100,
    "errorCount" : 0,
    "errorPct" : 0.0,
    "meanResTime" : 700.5400000000001,
    "minResTime" : 190.0,
    "maxResTime" : 1366.0,
    "pct1ResTime" : 943.9,
    "pct2ResTime" : 1330.3999999999965,
    "pct3ResTime" : 1365.97,
    "throughput" : 71.32667617689016,
    "receivedKBytesPerSec" : 26.747503566333812,
    "sentKBytesPerSec" : 39.21574090584879
  },
  "/public/login-36" : {
    "transaction" : "/public/login-36",
    "sampleCount" : 100,
    "errorCount" : 0,
    "errorPct" : 0.0,
    "meanResTime" : 4.180000000000001,
    "minResTime" : 0.0,
    "maxResTime" : 49.0,
    "pct1ResTime" : 7.700000000000017,
    "pct2ResTime" : 28.349999999999852,
    "pct3ResTime" : 48.989999999999995,
    "throughput" : 86.35578583765113,
    "receivedKBytesPerSec" : 269.1871761658031,
    "sentKBytesPerSec" : 41.32259283246978
  },
  "/public/login-19" : {
    "transaction" : "/public/login-19",
    "sampleCount" : 100,
    "errorCount" : 0,
    "errorPct" : 0.0,
    "meanResTime" : 6.94,
    "minResTime" : 0.0,
    "maxResTime" : 177.0,
    "pct1ResTime" : 14.0,
    "pct2ResTime" : 28.64999999999992,
    "pct3ResTime" : 176.07999999999953,
    "throughput" : 82.64462809917356,
    "receivedKBytesPerSec" : 257.61880165289256,
    "sentKBytesPerSec" : 28.974044421487605
  },
  "/public/login-1" : {
    "transaction" : "/public/login-1",
    "sampleCount" : 200,
    "errorCount" : 0,
    "errorPct" : 0.0,
    "meanResTime" : 42.490000000000016,
    "minResTime" : 1.0,
    "maxResTime" : 994.0,
    "pct1ResTime" : 113.60000000000002,
    "pct2ResTime" : 160.84999999999997,
    "pct3ResTime" : 986.0300000000072,
    "throughput" : 169.34801016088062,
    "receivedKBytesPerSec" : 527.88950042337,
    "sentKBytesPerSec" : 63.67088272650296
  },
  "Total" : {
    "transaction" : "Total",
    "sampleCount" : 1300,
    "errorCount" : 0,
    "errorPct" : 0.0,
    "meanResTime" : 121.6138461538462,
    "minResTime" : 0.0,
    "maxResTime" : 1367.0,
    "pct1ResTime" : 618.9000000000001,
    "pct2ResTime" : 765.0,
    "pct3ResTime" : 993.9100000000001,
    "throughput" : 888.5850991114149,
    "receivedKBytesPerSec" : 1852.79872265892,
    "sentKBytesPerSec" : 482.54069121667806
  },
  "/logout-35" : {
    "transaction" : "/logout-35",
    "sampleCount" : 200,
    "errorCount" : 0,
    "errorPct" : 0.0,
    "meanResTime" : 34.57,
    "minResTime" : 1.0,
    "maxResTime" : 439.0,
    "pct1ResTime" : 96.80000000000001,
    "pct2ResTime" : 202.34999999999985,
    "pct3ResTime" : 435.95000000000005,
    "throughput" : 172.26528854435833,
    "receivedKBytesPerSec" : 857.2889750215331,
    "sentKBytesPerSec" : 203.8921188630491
  },
  "/system/authentication-33" : {
    "transaction" : "/system/authentication-33",
    "sampleCount" : 100,
    "errorCount" : 0,
    "errorPct" : 0.0,
    "meanResTime" : 6.370000000000001,
    "minResTime" : 0.0,
    "maxResTime" : 62.0,
    "pct1ResTime" : 25.600000000000023,
    "pct2ResTime" : 40.89999999999998,
    "pct3ResTime" : 61.97999999999999,
    "throughput" : 86.28127696289906,
    "receivedKBytesPerSec" : 25.867531276962897,
    "sentKBytesPerSec" : 36.73694995685936
  },
  "/system/authentication-34" : {
    "transaction" : "/system/authentication-34",
    "sampleCount" : 100,
    "errorCount" : 0,
    "errorPct" : 0.0,
    "meanResTime" : 8.899999999999995,
    "minResTime" : 0.0,
    "maxResTime" : 186.0,
    "pct1ResTime" : 29.0,
    "pct2ResTime" : 44.94999999999999,
    "pct3ResTime" : 185.26999999999964,
    "throughput" : 86.28127696289906,
    "receivedKBytesPerSec" : 25.867531276962897,
    "sentKBytesPerSec" : 36.73694995685936
  }
}