{
  "/public/news.html-59" : {
    "transaction" : "/public/news.html-59",
    "sampleCount" : 200,
    "errorCount" : 0,
    "errorPct" : 0.0,
    "meanResTime" : 16.624999999999996,
    "minResTime" : 0.0,
    "maxResTime" : 122.0,
    "pct1ResTime" : 54.0,
    "pct2ResTime" : 81.94999999999999,
    "pct3ResTime" : 116.97000000000003,
    "throughput" : 202.83975659229208,
    "receivedKBytesPerSec" : 10943.73969954361,
    "sentKBytesPerSec" : 234.53346855983773
  },
  "/system/userId-80" : {
    "transaction" : "/system/userId-80",
    "sampleCount" : 100,
    "errorCount" : 0,
    "errorPct" : 0.0,
    "meanResTime" : 2.070000000000001,
    "minResTime" : 0.0,
    "maxResTime" : 15.0,
    "pct1ResTime" : 5.0,
    "pct2ResTime" : 7.899999999999977,
    "pct3ResTime" : 14.97999999999999,
    "throughput" : 128.36970474967907,
    "receivedKBytesPerSec" : 38.4858392169448,
    "sentKBytesPerSec" : 47.13575096277278
  },
  "/system/authentication-81" : {
    "transaction" : "/system/authentication-81",
    "sampleCount" : 100,
    "errorCount" : 0,
    "errorPct" : 0.0,
    "meanResTime" : 1.39,
    "minResTime" : 0.0,
    "maxResTime" : 12.0,
    "pct1ResTime" : 3.9000000000000057,
    "pct2ResTime" : 6.849999999999966,
    "pct3ResTime" : 11.95999999999998,
    "throughput" : 128.04097311139566,
    "receivedKBytesPerSec" : 38.387283930857876,
    "sentKBytesPerSec" : 48.015364916773365
  },
  "/system/userId-68" : {
    "transaction" : "/system/userId-68",
    "sampleCount" : 100,
    "errorCount" : 0,
    "errorPct" : 0.0,
    "meanResTime" : 5.590000000000001,
    "minResTime" : 0.0,
    "maxResTime" : 48.0,
    "pct1ResTime" : 13.900000000000006,
    "pct2ResTime" : 40.94999999999999,
    "pct3ResTime" : 47.95999999999998,
    "throughput" : 123.60939431396787,
    "receivedKBytesPerSec" : 37.058675834363406,
    "sentKBytesPerSec" : 45.74996137206428
  },
  "/public/news/3-71" : {
    "transaction" : "/public/news/3-71",
    "sampleCount" : 200,
    "errorCount" : 0,
    "errorPct" : 0.0,
    "meanResTime" : 6.955000000000003,
    "minResTime" : 1.0,
    "maxResTime" : 50.0,
    "pct1ResTime" : 17.0,
    "pct2ResTime" : 23.0,
    "pct3ResTime" : 43.97000000000003,
    "throughput" : 251.57232704402514,
    "receivedKBytesPerSec" : 22765.084512578615,
    "sentKBytesPerSec" : 293.82861635220127
  },
  "Total" : {
    "transaction" : "Total",
    "sampleCount" : 1000,
    "errorCount" : 0,
    "errorPct" : 0.0,
    "meanResTime" : 3.356999999999996,
    "minResTime" : 0.0,
    "maxResTime" : 55.0,
    "pct1ResTime" : 6.0,
    "pct2ResTime" : 12.0,
    "pct3ResTime" : 54.0,
    "throughput" : 1142.857142857143,
    "receivedKBytesPerSec" : 22428.23660714286,
    "sentKBytesPerSec" : 435.60267857142856
  },
  "/system/username-67" : {
    "transaction" : "/system/username-67",
    "sampleCount" : 100,
    "errorCount" : 0,
    "errorPct" : 0.0,
    "meanResTime" : 1.3000000000000005,
    "minResTime" : 0.0,
    "maxResTime" : 6.0,
    "pct1ResTime" : 3.0,
    "pct2ResTime" : 4.0,
    "pct3ResTime" : 5.989999999999995,
    "throughput" : 123.45679012345678,
    "receivedKBytesPerSec" : 35.56616512345679,
    "sentKBytesPerSec" : 45.93460648148148
  },
  "/system/username-78" : {
    "transaction" : "/system/username-78",
    "sampleCount" : 100,
    "errorCount" : 0,
    "errorPct" : 0.0,
    "meanResTime" : 1.3900000000000003,
    "minResTime" : 0.0,
    "maxResTime" : 12.0,
    "pct1ResTime" : 3.0,
    "pct2ResTime" : 6.0,
    "pct3ResTime" : 11.95999999999998,
    "throughput" : 127.38853503184713,
    "receivedKBytesPerSec" : 36.69884554140127,
    "sentKBytesPerSec" : 47.024283439490446
  },
  "/system/authentication-79" : {
    "transaction" : "/system/authentication-79",
    "sampleCount" : 100,
    "errorCount" : 0,
    "errorPct" : 0.0,
    "meanResTime" : 1.2599999999999996,
    "minResTime" : 0.0,
    "maxResTime" : 12.0,
    "pct1ResTime" : 3.0,
    "pct2ResTime" : 5.0,
    "pct3ResTime" : 11.949999999999974,
    "throughput" : 130.3780964797914,
    "receivedKBytesPerSec" : 39.08796447196871,
    "sentKBytesPerSec" : 48.89178617992177
  },
  "/public/news-70" : {
    "transaction" : "/public/news-70",
    "sampleCount" : 100,
    "errorCount" : 0,
    "errorPct" : 0.0,
    "meanResTime" : 5.350000000000001,
    "minResTime" : 2.0,
    "maxResTime" : 37.0,
    "pct1ResTime" : 12.900000000000006,
    "pct2ResTime" : 16.94999999999999,
    "pct3ResTime" : 37.0,
    "throughput" : 124.22360248447205,
    "receivedKBytesPerSec" : 12612.577639751553,
    "sentKBytesPerSec" : 45.73466614906832
  },
  "/system/authentication-69" : {
    "transaction" : "/system/authentication-69",
    "sampleCount" : 100,
    "errorCount" : 0,
    "errorPct" : 0.0,
    "meanResTime" : 1.630000000000001,
    "minResTime" : 0.0,
    "maxResTime" : 10.0,
    "pct1ResTime" : 5.0,
    "pct2ResTime" : 5.949999999999989,
    "pct3ResTime" : 10.0,
    "throughput" : 125.62814070351757,
    "receivedKBytesPerSec" : 37.66390546482412,
    "sentKBytesPerSec" : 47.47860395728643
  }
}